Month,Plot,Species,Tree,Tree2,HorL,LorR,#leaflets,existing,missing,prop,propmod,total,logit2,#areas,comments
July,4,mandshurica,1-Apr,,H,4,9,3567875,1405989,0.282675401,0.282675401,4973864,-0.404427708,5,
May,1,nigra,8-Jan,1.8,H,3,9,2426672,419092,0.147268712,0.147268712,2845764,-0.762701708,3,
July,3,nigra,3-Mar,3.3,H,2,8,2926010,443664,0.131663775,0.131663775,3369674,-0.819221616,7,
July,5,hybrid,6-May,,L,1,10,1994024,280578,0.123352569,0.123352569,2274602,-0.851676766,7,
July,5,nigra,8-May,,H,2,9,1945573,266005,0.120278371,0.120278371,2211578,-0.864157731,6,
July,4,nigra,4-Apr,,L,1,9,2380424,311617,0.115754923,0.115754923,2692041,-0.883033178,6,
July,1,mandshurica,3-Jan,1.3,H,2,7,4550062,544257,0.106836066,0.106836066,5094319,-0.922213291,4,
May,5,nigra,5-May,,L,1,10,4052617,395153,0.088842948,0.088842948,4447770,-1.010970278,6,
July,5,mandshurica,4-May,,H,2,7,4312042,358649,0.076787139,0.076787139,4670691,-1.080013358,6,
July,1,pennsylvanica,6-Jan,1.6,H,L,5,1587544,128322,0.07478556,0.07478556,1715866,-1.092424651,1,
July,5,mandshurica,4-May,,L,4,9,3770045,280837,0.069327371,0.069327371,4050882,-1.127892209,3,
May,1,hybrid,7-Jan,1.7,H,1,11,4395461,283602,0.060610853,0.060610853,4679063,-1.190295142,5,
July,4,mandshurica,1-Apr,,H,2,9,3797309,231120,0.057372241,0.057372241,4028429,-1.21563841,33,"small brown dots, counted large holes but small could be pathogens"
May,3,hybrid,1-Mar,3.1,H,3,10,4066697,226153,0.052681319,0.052681319,4292850,-1.254839462,2,
May,2,mandshurica,6-Feb,2.6,L,3,12,2813570,137756,0.046675969,0.046675969,2951326,-1.310147201,11,
July,4,mandshurica,1-Apr,,L,3,8,2260414,109702,0.046285498,0.046285498,2370116,-1.313973443,4,
July,5,hybrid,6-May,,L,2,11,4258663,182876,0.041174016,0.041174016,4441539,-1.367116561,2,
July,1,hybrid,5-Jan,1.5,L,3,9,2498357,106887,0.041027635,0.041027635,2605244,-1.368729609,4,
July,3,mandshurica,7-Mar,,H,4,8,4163240,176278,0.040621562,0.040621562,4339518,-1.373233333,6,
July,5,hybrid,6-May,,L,3,11,5573143,225709,0.038923049,0.038923049,5798852,-1.39255131,4,
July,4,hybrid,5-Apr,,L,3,10,3804948,139046,0.035255125,0.035255125,3943994,-1.437190226,2,
May,3,hybrid,1-Mar,3.1,H,2,11,3703058,134768,0.035115714,0.035115714,3837826,-1.438973731,2,
July,2,mandshurica,3-Feb,2.3,H,1,9,4412409,159460,0.034878515,0.034878515,4571869,-1.442024002,9,
July,5,mandshurica,4-May,,L,2,9,3452506,119270,0.033392352,0.033392352,3571776,-1.461603223,1,
July,5,hybrid,6-May,,H,2,7,3682114,119126,0.031338721,0.031338721,3801240,-1.490090671,9,
July,2,nigra,4-Feb,2.4,L,4,9,1465717,47283,0.031251157,0.031251157,1513000,-1.491345101,1,
July,4,hybrid,5-Apr,,L,1,11,4549670,139780,0.029807333,0.029807333,4689450,-1.512534861,1,
May,5,mandshurica,3-May,,H,4,10,2854946,82909,0.02822093,0.02822093,2937855,-1.536996221,1,
May,4,nigra,6-Apr,,H,1,9,3077987,87773,0.027725728,0.027725728,3165760,-1.544905839,4,
July,5,pennsylvanica,2-May,,H,R,5,2044747,56432,0.026857302,0.026857302,2101179,-1.559114137,1,
July,3,nigra,3-Mar,3.3,H,1,9,1975098,53841,0.02653653,0.02653653,2028939,-1.564475532,2,
May,5,pennsylvanica,7-May,,L,L,5,1453373,39171,0.026244452,0.026244452,1492544,-1.569412429,5,
July,5,pennsylvanica,2-May,,L,L,5,1499836,38898,0.025279223,0.025279223,1538734,-1.586116502,4,
July,1,hybrid,5-Jan,1.5,H,3,11,5975097,148491,0.024249019,0.024249019,6123588,-1.604644828,7,
July,4,mandshurica,1-Apr,,H,3,11,4543198,112209,0.024102941,0.024102941,4655407,-1.607333973,3,
July,5,mandshurica,4-May,,H,3,8,4534885,108193,0.023301999,0.023301999,4643078,-1.622367115,2,
May,5,pennsylvanica,7-May,,H,R,7,1871913,41645,0.021763124,0.021763124,1913558,-1.652722794,8,
July,5,hybrid,6-May,,H,4,9,4854971,106740,0.02151274,0.02151274,4961711,-1.657859442,12,
July,5,pennsylvanica,2-May,,L,R,5,1801088,39176,0.02128825,0.02128825,1840264,-1.662514842,1,
July,4,nigra,4-Apr,,L,4,9,4137184,67743,0.016110387,0.016110387,4204927,-1.785840411,13,
July,2,mandshurica,3-Feb,2.3,H,4,8,3331435,43577,0.012911658,0.012911658,3375012,-1.883374016,40,lots of small holes
May,2,hybrid,8-Feb,2.8,L,2,9,3491486,41176,0.0116558,0.0116558,3532662,-1.92836615,14,
July,3,hybrid,2-Mar,3.2,L,3,11,5234140,61724,0.011655133,0.011655133,5295864,-1.928391272,3,
July,1,pennsylvanica,6-Jan,1.6,H,R,5,1108304,12999,0.011592763,0.011592763,1121303,-1.930748957,4,Weird leaf
July,5,nigra,8-May,,L,3,11,5412727,61326,0.011203034,0.011203034,5474053,-1.945771485,14,
July,4,pennsylvanica,8-Apr,,H,L,5,1952575,22074,0.011178696,0.011178696,1974649,-1.946726686,7,
July,3,nigra,3-Mar,3.3,L,1,11,5133590,56301,0.010848205,0.010848205,5189891,-1.959905072,7,
July,5,mandshurica,4-May,,H,4,8,3655129,38114,0.010319928,0.010319928,3693243,-1.981818179,18,
July,1,hybrid,5-Jan,1.5,L,4,9,3419358,34094,0.009872441,0.009872441,3453452,-2.001266616,5,
July,5,hybrid,6-May,,H,1,9,3548342,33792,0.009433483,0.009433483,3582134,-2.021211575,5,
July,4,pennsylvanica,8-Apr,,H,R,5,1887807,17128,0.008991383,0.008991383,1904935,-2.042250938,1,
May,1,pennsylvanica,1-Jan,1.1,L,L,5,2367025,20667,0.008655639,0.008655639,2387692,-2.058925405,1,
July,2,pennsylvanica,7-Feb,2.7,L,R,5,1438829,11960,0.00824379,0.00824379,1450789,-2.080278003,1,
May,3,hybrid,1-Mar,3.1,L,4,10,3768072,29454,0.007756102,0.007756102,3797526,-2.10697491,1,
July,5,nigra,8-May,,H,1,9,3880054,30109,0.007700191,0.007700191,3910163,-2.110141438,9,
July,2,mandshurica,3-Feb,2.3,H,2,11,4810492,35377,0.007300445,0.007300445,4845869,-2.133468495,6,
July,2,nigra,4-Feb,2.4,L,2,11,5220855,38068,0.007238745,0.007238745,5258923,-2.137181571,24,
May,2,nigra,5-Feb,2.5,L,3,9,1926233,13903,0.007165992,0.007165992,1940136,-2.141600296,22,
July,3,nigra,3-Mar,3.3,L,2,9,4291842,29387,0.006800612,0.006800612,4321229,-2.164488472,2,
July,2,pennsylvanica,7-Feb,2.7,L,L,5,1432829,9552,0.006622383,0.006622383,1442381,-2.176100049,1,brown spots
May,4,hybrid,2-Apr,,L,4,10,4899958,32185,0.006525561,0.006525561,4932143,-2.182538844,2,
July,1,nigra,2-Jan,1.2,H,1,11,2414696,15559,0.006402209,0.006402209,2430255,-2.190880782,17,
July,3,nigra,3-Mar,3.3,L,3,11,4489424,28574,0.006324483,0.006324483,4517998,-2.196219584,9,
July,5,pennsylvanica,2-May,,H,L,5,1738881,9658,0.005523468,0.005523468,1748539,-2.255382661,1,
May,3,nigra,5-Mar,,H,4,11,2957081,16318,0.005487995,0.005487995,2973399,-2.258196292,15,
July,3,hybrid,2-Mar,3.2,L,2,9,5427626,27989,0.005130311,0.005130311,5455615,-2.287622532,8,
July,2,pennsylvanica,7-Feb,2.7,H,R,5,1634172,8385,0.005104846,0.005104846,1642557,-2.289794698,7,
July,3,mandshurica,7-Mar,,H,1,7,4130145,21143,0.005093118,0.005093118,4151288,-2.290798689,8,
May,3,mandshurica,6-Mar,,H,3,12,4904325,24330,0.004936438,0.004936438,4928655,-2.304437133,1,
July,3,hybrid,2-Mar,3.2,L,4,9,5548911,27295,0.004894905,0.004894905,5576206,-2.30812466,4,
July,1,nigra,2-Jan,1.2,H,4,11,2798229,12774,0.004544285,0.004544285,2811003,-2.340556341,7,
May,3,pennsylvanica,4-Mar,,L,R,4,1345500,6096,0.004510223,0.004510223,1351596,-2.343838744,7,
July,1,hybrid,5-Jan,1.5,H,4,8,4180084,17790,0.004237859,0.004237859,4197874,-2.371009061,1,
May,4,pennsylvanica,3-Apr,,H,LR,5,1063963,4452,0.00416692,0.00416692,1068415,-2.37837137,3,
July,1,nigra,2-Jan,1.2,L,4,8,2150966,8974,0.004154745,0.004154745,2159940,-2.37964748,3,
July,1,nigra,2-Jan,1.2,H,2,11,2500002,9511,0.003789978,0.003789978,2509513,-2.419714174,11,
July,4,nigra,4-Apr,,H,1,10,1542220,5840,0.003772464,0.003772464,1548060,-2.421733484,5,
July,5,mandshurica,4-May,,H,1,9,4025113,15236,0.003770961,0.003770961,4040349,-2.421907113,7,
July,5,nigra,8-May,,L,4,9,3417121,12508,0.003647042,0.003647042,3429629,-2.436472485,6,
July,3,pennsylvanica,8-Mar,,L,1,5,2069629,7464,0.003593484,0.003593484,2077093,-2.44292087,1,
July,4,mandshurica,1-Apr,,L,2,9,3246234,10745,0.003299069,0.003299069,3256979,-2.480173402,3,omitted runt leaf
July,4,nigra,4-Apr,,L,3,8,4235085,13536,0.003185975,0.003185975,4248621,-2.495371786,1,
May,4,pennsylvanica,3-Apr,,L,L,7,2514066,7856,0.003115084,0.003115084,2521922,-2.5051752,4,
July,4,mandshurica,1-Apr,,L,1,11,4169387,12949,0.003096117,0.003096117,4182336,-2.507835977,3,
July,1,pennsylvanica,6-Jan,1.6,H,R,6,1051308,3167,0.00300339,0.00300339,1054475,-2.521081906,2,
May,4,hybrid,2-Apr,,H,1,11,3727606,11110,0.002971608,0.002971608,3738716,-2.525715943,1,
July,5,mandshurica,4-May,,L,3,10,3168019,9404,0.002959631,0.002959631,3177423,-2.527475157,3,
May,2,mandshurica,6-Feb,2.6,H,3,11,4239651,12229,0.002876139,0.002876139,4251880,-2.539939163,5,
July,4,nigra,4-Apr,,H,4,11,2822036,8084,0.002856416,0.002856416,2830120,-2.542936245,7,
July,1,nigra,2-Jan,1.2,H,3,11,2047773,5767,0.002808321,0.002808321,2053540,-2.550331861,5,
May,3,pennsylvanica,4-Mar,,L,L,5,1774472,4847,0.002724076,0.002724076,1779319,-2.563596131,1,
May,2,nigra,5-Feb,2.5,H,R,9,1834961,4950,0.002690348,0.002690348,1839911,-2.569021639,5,
May,4,pennsylvanica,3-Apr,,H,UR,5,842956,2251,0.002663253,0.002663253,845207,-2.573429411,4,
July,5,hybrid,6-May,,H,3,9,4716038,12273,0.002595641,0.002595641,4728311,-2.584626562,8,
May,4,hybrid,2-Apr,,L,1,9,4252563,10126,0.002375496,0.002375496,4262689,-2.623212833,2,
July,3,hybrid,2-Mar,3.2,H,2,11,6086868,13615,0.00223179,0.00223179,6100483,-2.650376238,6,
July,2,hybrid,1-Feb,2.1,L,3,11,4718407,10310,0.002180295,0.002180295,4728717,-2.660536734,2,
July,5,nigra,8-May,,H,3,9,3830311,8085,0.002106349,0.002106349,3838396,-2.675554013,3,
May,3,mandshurica,6-Mar,,L,4,9,4945008,10356,0.002089857,0.002089857,4955364,-2.678974957,4,
July,1,hybrid,5-Jan,1.5,H,2,9,5383522,11029,0.00204447,0.00204447,5394551,-2.688530355,5,
May,3,mandshurica,6-Mar,,H,2,11,3643319,7370,0.002018797,0.002018797,3650689,-2.694029711,2,
May,3,pennsylvanica,4-Mar,,H,R,6,1685883,3399,0.002012097,0.002012097,1689282,-2.695476267,1,
July,4,pennsylvanica,8-Apr,,L,R,7,2275002,4517,0.001981558,0.001981558,2279519,-2.702131692,2,
July,1,mandshurica,3-Jan,1.3,H,4,7,5012606,9785,0.001948275,0.001948275,5022391,-2.70950274,2,
July,2,pennsylvanica,7-Feb,2.7,H,R,5,1525167,2970,0.001943543,0.001943543,1528137,-2.710560951,2,
July,3,mandshurica,7-Mar,,L,1,11,4243953,7819,0.001838998,0.001838998,4251772,-2.734619352,3,
May,2,pennsylvanica,2-Feb,2.2,L,L,7,3110802,5700,0.001828974,0.001828974,3116502,-2.736997514,10,
July,5,nigra,8-May,,H,4,9,3256419,5781,0.001772117,0.001772117,3262200,-2.750737311,6,
May,4,pennsylvanica,3-Apr,,L,L,7,2316721,4106,0.001769197,0.001769197,2320827,-2.75145479,3,
July,2,nigra,4-Feb,2.4,H,2,7,4931185,8364,0.001693272,0.001693272,4939549,-2.770537272,8,
July,2,hybrid,1-Feb,2.1,L,4,11,5402427,8956,0.00165503,0.00165503,5411383,-2.780474822,2,
July,3,hybrid,2-Mar,3.2,H,3,11,5276074,8722,0.001650395,0.001650395,5284796,-2.781694796,2,
July,2,mandshurica,3-Feb,2.3,L,1,9,1604194,2488,0.001548533,0.001548533,1606682,-2.809406512,1,
May,2,pennsylvanica,2-Feb,2.2,L,R,5,1842010,2832,0.001535091,0.001535091,1844842,-2.813198735,1,
May,1,hybrid,7-Jan,1.7,L,2,11,3629046,5440,0.001496773,0.001496773,3634486,-2.824193573,1,
July,5,nigra,8-May,,L,1,9,5982401,8491,0.001417318,0.001417318,5990892,-2.84791668,3,
May,5,pennsylvanica,7-May,,L,R,5,1791694,2535,0.001412863,0.001412863,1794229,-2.849285876,2,
May,5,nigra,5-May,,H,4,12,4579291,6328,0.001379966,0.001379966,4585619,-2.859531772,5,
May,5,hybrid,1-May,,H,2,11,5048784,6829,0.001350776,0.001350776,5055613,-2.868829678,1,
May,2,nigra,5-Feb,2.5,H,L,7,1597085,2159,0.001350013,0.001350013,1599244,-2.869075388,4,
July,1,nigra,2-Jan,1.2,L,3,9,2634821,3521,0.00133455,0.00133455,2638342,-2.874085091,4,
July,4,hybrid,5-Apr,,H,4,11,4674658,6210,0.001326677,0.001326677,4680868,-2.876658243,3,
July,2,hybrid,1-Feb,2.1,H,1,10,4832387,6215,0.001284462,0.001284462,4838602,-2.890720574,4,
May,5,nigra,5-May,,L,3,10,4174302,5364,0.001283356,0.001283356,4179666,-2.891095097,8,
July,2,nigra,4-Feb,2.4,L,3,11,6156906,7743,0.001256033,0.001256033,6164649,-2.900453264,1,
July,2,nigra,4-Feb,2.4,H,1,9,2911239,3614,0.001239857,0.001239857,2914853,-2.906089712,4,
July,2,hybrid,1-Feb,2.1,H,3,9,4164596,5097,0.001222392,0.001222392,4169693,-2.912258244,2,
July,1,mandshurica,3-Jan,1.3,H,1,7,4771621,5828,0.001219898,0.001219898,4777449,-2.913146398,2,
May,4,mandshurica,7-Apr,,L,4,11,4380457,5296,0.001207546,0.001207546,4385753,-2.917571445,2,
May,1,mandshurica,4-Jan,1.4,H,2,10,3754539,4351,0.001157523,0.001157523,3758890,-2.935967537,1,
July,5,pennsylvanica,2-May,,H,L,4,1659129,1894,0.001140261,0.001140261,1661023,-2.94250018,2,
July,2,pennsylvanica,7-Feb,2.7,L,L,7,1586038,1767,0.001112857,0.001112857,1587805,-2.953077039,3,brown spots
July,1,nigra,2-Jan,1.2,L,2,9,3034581,3150,0.001036958,0.001036958,3037731,-2.983788181,3,
July,1,mandshurica,3-Jan,1.3,H,3,11,4832231,4901,0.001013204,0.001013204,4837132,-2.993862985,4,
July,1,pennsylvanica,6-Jan,1.6,L,R,7,1787043,1754,0.000980547,0.000980547,1788797,-3.008105414,2,
May,1,pennsylvanica,1-Jan,1.1,H,L,7,2812818,2753,0.000977777,0.000977777,2815571,-3.009335421,2,
July,3,pennsylvanica,8-Mar,,L,2,6,2539291,2250,0.00088529,0.00088529,2541541,-3.052529955,9,brown herb???
May,3,mandshurica,6-Mar,,L,2,8,5065341,4422,0.00087223,0.00087223,5069763,-3.058989949,3,omitted 1 underdeveloped leaflet
July,1,pennsylvanica,6-Jan,1.6,H,L,5,1888500,1593,0.000842816,0.000842816,1890093,-3.073901213,1,weird marks on leaves
July,4,hybrid,5-Apr,,H,1,9,5337553,4456,0.000834143,0.000834143,5342009,-3.078397018,2,
July,3,nigra,3-Mar,3.3,H,4,9,3221231,2676,0.000830049,0.000830049,3223907,-3.080535761,1,
July,2,pennsylvanica,7-Feb,2.7,H,L,5,2223906,1792,0.000805141,0.000805141,2225698,-3.093778421,4,
July,4,nigra,4-Apr,,H,2,10,2731433,2135,0.000781031,0.000781031,2733568,-3.106992673,2,
July,1,hybrid,5-Jan,1.5,L,2,9,2984498,2148,0.000719201,0.000719201,2986646,-3.142837015,3,
May,2,hybrid,8-Feb,2.8,H,4,12,4617564,3281,0.000710043,0.000710043,4620845,-3.148406693,1,
July,3,hybrid,2-Mar,3.2,H,1,7,4250283,3014,0.000708627,0.000708627,4253297,-3.1492746,2,
July,2,pennsylvanica,7-Feb,2.7,L,R,5,1564197,1100,0.000702742,0.000702742,1565297,-3.152898763,2,
July,3,mandshurica,7-Mar,,H,2,9,4956463,3342,0.000673817,0.000673817,4959805,-3.171165423,2,
July,5,hybrid,6-May,,L,4,11,5167381,3416,0.000660633,0.000660633,5170797,-3.179752622,4,skeletonizig? didn't count
July,2,hybrid,1-Feb,2.1,H,2,9,5014384,3295,0.000656678,0.000656678,5017679,-3.18236217,1,
May,1,mandshurica,4-Jan,1.4,H,1,11,5384292,3491,0.000647947,0.000647947,5387783,-3.188178756,1,
July,2,hybrid,1-Feb,2.1,L,1,9,3810197,2290,0.000600658,0.000600658,3812487,-3.221111948,4,
July,4,hybrid,5-Apr,,H,2,9,4844979,2829,0.000583563,0.000583563,4847808,-3.233658952,1,
May,3,nigra,5-Mar,,L,R,9,1482730,863,0.000581696,0.000581696,1483593,-3.235051279,1,
May,3,nigra,5-Mar,,L,L,11,2583835,1427,0.000551975,0.000551975,2585262,-3.257840804,2,leaf mining??
July,1,mandshurica,3-Jan,1.3,L,4,9,2525829,1374,0.000543684,0.000543684,2527203,-3.264417213,1,
May,2,hybrid,8-Feb,2.8,L,1,11,2514451,1230,0.000488933,0.000488933,2515681,-3.310538065,1,
May,4,mandshurica,7-Apr,,H,1,11,2852266,1388,0.000486394,0.000486394,2853654,-3.312800559,1,
July,3,pennsylvanica,8-Mar,,L,3,7,2260329,982,0.000434261,0.000434261,2261311,-3.362060169,1,
May,2,hybrid,8-Feb,2.8,H,2,11,3361547,1456,0.000432946,0.000432946,3363003,-3.363377813,8,
July,2,pennsylvanica,7-Feb,2.7,H,L,6,2092962,896,0.000427918,0.000427918,2093858,-3.368453334,2,
May,5,mandshurica,3-May,,H,3,11,2920493,1231,0.000421327,0.000421327,2921724,-3.375198117,2,
May,2,hybrid,8-Feb,2.8,L,4,11,4837019,1965,0.000406077,0.000406077,4838984,-3.391215239,1,
July,2,hybrid,1-Feb,2.1,L,2,10,3441546,1331,0.000386595,0.000386595,3442877,-3.412575523,3,
May,5,pennsylvanica,7-May,,L,R,7,2081695,735,0.000352953,0.000352953,2082430,-3.45212976,1,
May,5,mandshurica,3-May,,H,R,9,1161696,398,0.000342485,0.000342485,1162094,-3.465209422,1,
July,4,pennsylvanica,8-Apr,,L,L,5,1803979,609,0.000337473,0.000337473,1804588,-3.471614185,3,brown areas
May,1,nigra,8-Jan,1.8,L,L,11,2392118,793,0.000331396,0.000331396,2392911,-3.479509412,1,
July,5,pennsylvanica,2-May,,H,R,5,1576407,504,0.000319612,0.000319612,1576911,-3.495237818,1,
May,5,nigra,5-May,,H,1,11,4216761,1280,0.000303458,0.000303458,4218041,-3.517769017,2,
July,1,hybrid,5-Jan,1.5,H,1,9,4870280,1461,0.000299893,0.000299893,4871741,-3.522903714,1,
May,5,mandshurica,3-May,,L,L,11,3097452,915,0.000295317,0.000295317,3098367,-3.529583491,1,
May,5,nigra,5-May,,H,3,11,4298873,1268,0.000294874,0.000294874,4300141,-3.530235362,3,
May,2,mandshurica,6-Feb,2.6,L,1,9,2896016,840,0.00028997,0.00028997,2896856,-3.537521671,1,
May,3,pennsylvanica,4-Mar,,H,1,7,3476253,997,0.000286721,0.000286721,3477250,-3.542416218,1,
May,4,nigra,6-Apr,,L,L,9,2486309,710,0.000285482,0.000285482,2487019,-3.544296753,2,
July,2,nigra,4-Feb,2.4,H,4,9,3798856,1023,0.000269219,0.000269219,3799879,-3.569777198,2,
May,5,hybrid,1-May,,H,3,11,4179593,1045,0.000249962,0.000249962,4180638,-3.602017703,1,
July,2,mandshurica,3-Feb,2.3,L,4,11,3151646,777,0.000246477,0.000246477,3152423,-3.608116412,1,
July,3,hybrid,2-Mar,3.2,H,4,9,4635737,1099,0.000237015,0.000237015,4636836,-3.625121097,2,
May,2,mandshurica,6-Feb,2.6,H,4,11,4064619,960,0.000236129,0.000236129,4065579,-3.62674861,1,
May,4,hybrid,2-Apr,,H,3,9,2346377,484,0.000206233,0.000206233,2346861,-3.685552431,1,
May,3,mandshurica,6-Mar,,L,1,11,3681881,720,0.000195514,0.000195514,3682601,-3.708737251,1,werid leaf deformities
July,2,hybrid,1-Feb,2.1,H,4,11,5238842,942,0.000179778,0.000179778,5239784,-3.745184398,2,
July,2,nigra,4-Feb,2.4,H,3,11,5787082,953,0.00016465,0.00016465,5788035,-3.783366736,2,
July,4,nigra,4-Apr,,H,3,11,2050339,328,0.000159948,0.000159948,2050667,-3.795951829,1,
July,3,mandshurica,7-Mar,,L,4,11,2839216,388,0.000136639,0.000136639,2839604,-3.864366708,1,
May,1,mandshurica,4-Jan,1.4,H,4,11,3315004,375,0.000113109,0.000113109,3315379,-3.946452789,1,
May,2,mandshurica,6-Feb,2.6,L,4,11,3420498,301,8.80E-05,8.80E-05,3420799,-4.055522845,1,
May,5,pennsylvanica,7-May,,L,L,7,2964886,229,7.72E-05,7.72E-05,2965115,-4.112172517,1,
July,4,hybrid,5-Apr,,L,2,11,4561470,346,7.58E-05,7.58E-05,4561816,-4.120028724,1,
July,1,nigra,2-Jan,1.2,L,1,7,3379509,248,7.34E-05,7.34E-05,3379757,-4.134401927,1,
May,4,nigra,6-Apr,,H,4,9,2810599,165,5.87E-05,5.87E-05,2810764,-4.231314943,1,
May,2,hybrid,8-Feb,2.8,L,3,11,4670773,171,3.66E-05,3.66E-05,4670944,-4.436392651,1,
May,1,pennsylvanica,1-Jan,1.1,H,L,7,2217248,0,0,3.66E-05,2217248,-4.436392651,0,
May,1,pennsylvanica,1-Jan,1.1,H,R,7,2618327,0,0,3.66E-05,2618327,-4.436392651,0,
May,1,pennsylvanica,1-Jan,1.1,H,R,7,1939398,0,0,3.66E-05,1939398,-4.436392651,0,
May,1,pennsylvanica,1-Jan,1.1,L,L,7,2178552,0,0,3.66E-05,2178552,-4.436392651,0,
May,1,pennsylvanica,1-Jan,1.1,L,R,7,2035452,0,0,3.66E-05,2035452,-4.436392651,0,
May,1,pennsylvanica,1-Jan,1.1,L,R,5,1358054,0,0,3.66E-05,1358054,-4.436392651,0,
July,1,mandshurica,3-Jan,1.3,L,1,9,2002183,0,0,3.66E-05,2002183,-4.436392651,0,
July,1,mandshurica,3-Jan,1.3,L,2,11,3378138,0,0,3.66E-05,3378138,-4.436392651,0,
July,1,mandshurica,3-Jan,1.3,L,3,11,3262720,0,0,3.66E-05,3262720,-4.436392651,0,
May,1,mandshurica,4-Jan,1.4,H,3,11,2810517,0,0,3.66E-05,2810517,-4.436392651,0,
May,1,mandshurica,4-Jan,1.4,L,L,9,2545133,0,0,3.66E-05,2545133,-4.436392651,0,
May,1,mandshurica,4-Jan,1.4,L,R,7,1645527,0,0,3.66E-05,1645527,-4.436392651,0,
May,1,mandshurica,4-Jan,1.4,L,3,8,3667509,0,0,3.66E-05,3667509,-4.436392651,0,
May,1,mandshurica,4-Jan,1.4,L,4,11,3998937,0,0,3.66E-05,3998937,-4.436392651,0,
July,1,hybrid,5-Jan,1.5,L,1,11,3421702,0,0,3.66E-05,3421702,-4.436392651,0,
July,1,pennsylvanica,6-Jan,1.6,L,L,7,1676050,0,0,3.66E-05,1676050,-4.436392651,0,
July,1,pennsylvanica,6-Jan,1.6,L,L,5,1621099,0,0,3.66E-05,1621099,-4.436392651,0,
July,1,pennsylvanica,6-Jan,1.6,L,R,5,1667997,0,0,3.66E-05,1667997,-4.436392651,0,
May,1,hybrid,7-Jan,1.7,H,2,9,3281837,0,0,3.66E-05,3281837,-4.436392651,0,
May,1,hybrid,7-Jan,1.7,H,3,11,4400061,0,0,3.66E-05,4400061,-4.436392651,0,
May,1,hybrid,7-Jan,1.7,H,4,11,4680907,0,0,3.66E-05,4680907,-4.436392651,0,
May,1,hybrid,7-Jan,1.7,L,1,11,3595596,0,0,3.66E-05,3595596,-4.436392651,0,
May,1,hybrid,7-Jan,1.7,L,3,11,4156616,0,0,3.66E-05,4156616,-4.436392651,0,
May,1,hybrid,7-Jan,1.7,L,4,9,3068257,0,0,3.66E-05,3068257,-4.436392651,0,
May,1,nigra,8-Jan,1.8,H,1,10,3960750,0,0,3.66E-05,3960750,-4.436392651,0,
May,1,nigra,8-Jan,1.8,H,2,12,4196650,0,0,3.66E-05,4196650,-4.436392651,0,
May,1,nigra,8-Jan,1.8,H,4,10,2776999,0,0,3.66E-05,2776999,-4.436392651,0,
May,1,nigra,8-Jan,1.8,L,L,11,3156209,0,0,3.66E-05,3156209,-4.436392651,0,
May,1,nigra,8-Jan,1.8,L,R,9,1554653,0,0,3.66E-05,1554653,-4.436392651,0,
May,1,nigra,8-Jan,1.8,L,R,9,168751,0,0,3.66E-05,168751,-4.436392651,0,
May,2,pennsylvanica,2-Feb,2.2,H,L,7,2347628,0,0,3.66E-05,2347628,-4.436392651,0,
May,2,pennsylvanica,2-Feb,2.2,H,R,7,2317871,0,0,3.66E-05,2317871,-4.436392651,0,
May,2,pennsylvanica,2-Feb,2.2,H,L,6,918970,0,0,3.66E-05,918970,-4.436392651,0,
May,2,pennsylvanica,2-Feb,2.2,H,R,5,1734100,0,0,3.66E-05,1734100,-4.436392651,0,
May,2,pennsylvanica,2-Feb,2.2,L,L,5,2129511,0,0,3.66E-05,2129511,-4.436392651,0,
May,2,pennsylvanica,2-Feb,2.2,L,R,5,2071794,0,0,3.66E-05,2071794,-4.436392651,0,
July,2,mandshurica,3-Feb,2.3,H,3,9,3366434,0,0,3.66E-05,3366434,-4.436392651,0,
July,2,mandshurica,3-Feb,2.3,L,2,11,3814948,0,0,3.66E-05,3814948,-4.436392651,0,
July,2,mandshurica,3-Feb,2.3,L,3,9,2575216,0,0,3.66E-05,2575216,-4.436392651,0,
July,2,nigra,4-Feb,2.4,L,1,8,4047916,0,0,3.66E-05,4047916,-4.436392651,0,
May,2,nigra,5-Feb,2.5,H,L,9,1234480,0,0,3.66E-05,1234480,-4.436392651,0,
May,2,nigra,5-Feb,2.5,H,R,9,1539527,0,0,3.66E-05,1539527,-4.436392651,0,
May,2,nigra,5-Feb,2.5,L,L,9,1673139,0,0,3.66E-05,1673139,-4.436392651,0,
May,2,nigra,5-Feb,2.5,L,R,11,1775053,0,0,3.66E-05,1775053,-4.436392651,0,
May,2,nigra,5-Feb,2.5,L,2,9,3674120,0,0,3.66E-05,3674120,-4.436392651,0,
May,2,mandshurica,6-Feb,2.6,H,1,11,3717829,0,0,3.66E-05,3717829,-4.436392651,0,
May,2,mandshurica,6-Feb,2.6,H,2,10,3353488,0,0,3.66E-05,3353488,-4.436392651,0,
May,2,mandshurica,6-Feb,2.6,L,2,9,3360923,0,0,3.66E-05,3360923,-4.436392651,0,
May,2,hybrid,8-Feb,2.8,H,1,11,4017928,0,0,3.66E-05,4017928,-4.436392651,0,
May,2,hybrid,8-Feb,2.8,H,3,11,4720097,0,0,3.66E-05,4720097,-4.436392651,0,
May,3,hybrid,1-Mar,3.1,H,1,10,3402515,0,0,3.66E-05,3402515,-4.436392651,0,
May,3,hybrid,1-Mar,3.1,H,4,11,4368415,0,0,3.66E-05,4368415,-4.436392651,0,
May,3,hybrid,1-Mar,3.1,L,1,9,3947730,0,0,3.66E-05,3947730,-4.436392651,0,omitted 2 small leaflets
May,3,hybrid,1-Mar,3.1,L,2,9,3841976,0,0,3.66E-05,3841976,-4.436392651,0,
May,3,hybrid,1-Mar,3.1,L,3,8,3254839,0,0,3.66E-05,3254839,-4.436392651,0,
July,3,hybrid,2-Mar,3.2,L,1,11,4590856,0,0,3.66E-05,4590856,-4.436392651,0,
July,3,nigra,3-Mar,3.3,H,3,11,3924471,0,0,3.66E-05,3924471,-4.436392651,0,
July,3,nigra,3-Mar,3.3,L,4,9,3393513,0,0,3.66E-05,3393513,-4.436392651,0,
May,3,pennsylvanica,4-Mar,,H,L,7,2156002,0,0,3.66E-05,2156002,-4.436392651,0,
May,3,pennsylvanica,4-Mar,,H,4,7,2975450,0,0,3.66E-05,2975450,-4.436392651,0,
May,3,pennsylvanica,4-Mar,,L,R,5,1201876,0,0,3.66E-05,1201876,-4.436392651,0,
May,3,pennsylvanica,4-Mar,,L,L,5,1750909,0,0,3.66E-05,1750909,-4.436392651,0,
May,3,nigra,5-Mar,,H,L,11,2301951,0,0,3.66E-05,2301951,-4.436392651,0,
May,3,nigra,5-Mar,,H,R,9,1874551,0,0,3.66E-05,1874551,-4.436392651,0,
May,3,nigra,5-Mar,,H,3,11,3295494,0,0,3.66E-05,3295494,-4.436392651,0,
May,3,nigra,5-Mar,,L,L,9,2913019,0,0,3.66E-05,2913019,-4.436392651,0,
May,3,nigra,5-Mar,,L,R,9,756031,0,0,3.66E-05,756031,-4.436392651,0,
May,3,mandshurica,6-Mar,,H,1,11,4011067,0,0,3.66E-05,4011067,-4.436392651,0,
May,3,mandshurica,6-Mar,,H,4,11,3533114,0,0,3.66E-05,3533114,-4.436392651,0,
May,3,mandshurica,6-Mar,,L,3,6,2547622,0,0,3.66E-05,2547622,-4.436392651,0,omitted 1 underdeveloped leaflet
July,3,mandshurica,7-Mar,,H,3,8,4344146,0,0,3.66E-05,4344146,-4.436392651,0,
July,3,mandshurica,7-Mar,,L,2,10,2364618,0,0,3.66E-05,2364618,-4.436392651,0,
July,3,mandshurica,7-Mar,,L,3,9,3116141,0,0,3.66E-05,3116141,-4.436392651,0,
July,3,pennsylvanica,8-Mar,,H,L,5,1998063,0,0,3.66E-05,1998063,-4.436392651,0,
July,3,pennsylvanica,8-Mar,,H,R,5,1872066,0,0,3.66E-05,1872066,-4.436392651,0,
July,3,pennsylvanica,8-Mar,,H,L,5,1883738,0,0,3.66E-05,1883738,-4.436392651,0,
July,3,pennsylvanica,8-Mar,,H,R,4,2126748,0,0,3.66E-05,2126748,-4.436392651,0,
July,3,pennsylvanica,8-Mar,,L,4,6,2533834,0,0,3.66E-05,2533834,-4.436392651,0,
July,4,mandshurica,1-Apr,,H,1,7,4181668,0,0,3.66E-05,4181668,-4.436392651,0,
July,4,mandshurica,1-Apr,,L,4,7,2088846,0,0,3.66E-05,2088846,-4.436392651,0,omitted 2 runt leaves
May,4,hybrid,2-Apr,,H,2,11,4122473,0,0,3.66E-05,4122473,-4.436392651,0,
May,4,hybrid,2-Apr,,H,4,11,4008058,0,0,3.66E-05,4008058,-4.436392651,0,
May,4,hybrid,2-Apr,,L,2,9,3931223,0,0,3.66E-05,3931223,-4.436392651,0,
May,4,hybrid,2-Apr,,L,3,11,3009218,0,0,3.66E-05,3009218,-4.436392651,0,
May,4,pennsylvanica,3-Apr,,H,UL,5,708704,0,0,3.66E-05,708704,-4.436392651,0,
May,4,pennsylvanica,3-Apr,,H,LL,7,1225924,0,0,3.66E-05,1225924,-4.436392651,0,
May,4,pennsylvanica,3-Apr,,L,R,7,1665252,0,0,3.66E-05,1665252,-4.436392651,0,
May,4,pennsylvanica,3-Apr,,L,R,5,1376419,0,0,3.66E-05,1376419,-4.436392651,0,
July,4,nigra,4-Apr,,L,2,10,4323601,0,0,3.66E-05,4323601,-4.436392651,0,
July,4,hybrid,5-Apr,,H,3,9,4985089,0,0,3.66E-05,4985089,-4.436392651,0,
July,4,hybrid,5-Apr,,L,4,11,4098587,0,0,3.66E-05,4098587,-4.436392651,0,
May,4,nigra,6-Apr,,H,2,9,2170738,0,0,3.66E-05,2170738,-4.436392651,0,
May,4,nigra,6-Apr,,H,3,11,3705473,0,0,3.66E-05,3705473,-4.436392651,0,
May,4,nigra,6-Apr,,L,R,9,1089981,0,0,3.66E-05,1089981,-4.436392651,0,
May,4,nigra,6-Apr,,L,L,10,2441452,0,0,3.66E-05,2441452,-4.436392651,0,
May,4,nigra,6-Apr,,L,R,9,1883505,0,0,3.66E-05,1883505,-4.436392651,0,
May,4,mandshurica,7-Apr,,H,2,11,2838112,0,0,3.66E-05,2838112,-4.436392651,0,
May,4,mandshurica,7-Apr,,H,3,11,4387145,0,0,3.66E-05,4387145,-4.436392651,0,
May,4,mandshurica,7-Apr,,H,4,11,3554119,0,0,3.66E-05,3554119,-4.436392651,0,
May,4,mandshurica,7-Apr,,L,1,11,2599490,0,0,3.66E-05,2599490,-4.436392651,0,
May,4,mandshurica,7-Apr,,L,2,11,3178155,0,0,3.66E-05,3178155,-4.436392651,0,
May,4,mandshurica,7-Apr,,L,3,11,3696314,0,0,3.66E-05,3696314,-4.436392651,0,
July,4,pennsylvanica,8-Apr,,H,R,5,1635407,0,0,3.66E-05,1635407,-4.436392651,0,
July,4,pennsylvanica,8-Apr,,H,L,6,2182284,0,0,3.66E-05,2182284,-4.436392651,0,
July,4,pennsylvanica,8-Apr,,L,L,5,1915334,0,0,3.66E-05,1915334,-4.436392651,0,
July,4,pennsylvanica,8-Apr,,L,R,7,2123074,0,0,3.66E-05,2123074,-4.436392651,0,
May,5,hybrid,1-May,,H,1,11,4611897,0,0,3.66E-05,4611897,-4.436392651,0,
May,5,hybrid,1-May,,H,4,13,5151698,0,0,3.66E-05,5151698,-4.436392651,0,
May,5,hybrid,1-May,,L,1,9,2839057,0,0,3.66E-05,2839057,-4.436392651,0,
May,5,hybrid,1-May,,L,2,9,3845502,0,0,3.66E-05,3845502,-4.436392651,0,
May,5,hybrid,1-May,,L,3,13,4722607,0,0,3.66E-05,4722607,-4.436392651,0,
May,5,hybrid,1-May,,L,4,11,4733974,0,0,3.66E-05,4733974,-4.436392651,0,
July,5,pennsylvanica,2-May,,L,R,5,1159368,0,0,3.66E-05,1159368,-4.436392651,0,
July,5,pennsylvanica,2-May,,L,L,5,1796132,0,0,3.66E-05,1796132,-4.436392651,0,werid spots
May,5,mandshurica,3-May,,H,L,11,2397847,0,0,3.66E-05,2397847,-4.436392651,0,
May,5,mandshurica,3-May,,L,L,11,2742735,0,0,3.66E-05,2742735,-4.436392651,0,
May,5,mandshurica,3-May,,L,R,11,1580723,0,0,3.66E-05,1580723,-4.436392651,0,
May,5,mandshurica,3-May,,L,R,9,1981538,0,0,3.66E-05,1981538,-4.436392651,0,
July,5,mandshurica,4-May,,L,1,11,3785688,0,0,3.66E-05,3785688,-4.436392651,0,
May,5,nigra,5-May,,H,2,9,3815179,0,0,3.66E-05,3815179,-4.436392651,0,
May,5,nigra,5-May,,L,2,9,2955861,0,0,3.66E-05,2955861,-4.436392651,0,
May,5,nigra,5-May,,L,4,9,4024510,0,0,3.66E-05,4024510,-4.436392651,0,
May,5,pennsylvanica,7-May,,H,L,7,1953476,0,0,3.66E-05,1953476,-4.436392651,0,
May,5,pennsylvanica,7-May,,H,L,7,2730543,0,0,3.66E-05,2730543,-4.436392651,0,
May,5,pennsylvanica,7-May,,H,R,7,2047485,0,0,3.66E-05,2047485,-4.436392651,0,
